﻿崔高峰,"﻿
2. 山东省教育学院, 山东济南 250014"
﻿王伯勇,"﻿
2. 山东省教育学院, 山东济南 250014"
﻿王磊,"﻿
2. 山东省教育学院, 山东济南 250014"
﻿买光昕,"﻿
2. 山东省教育学院, 山东济南 250014"
﻿张业录,"﻿
2. 中国造纸开发保定设计公司, 河北保定 071000"
﻿李群,"﻿
2. 中国造纸开发保定设计公司, 河北保定 071000"
﻿谭国民,"﻿
2. 中国造纸开发保定设计公司, 河北保定 071000"
﻿张涛,"﻿
2. 中国造纸开发保定设计公司, 河北保定 071000"
﻿白晓慧,"﻿浙江大学环境工程系, 浙江杭州 310029"
﻿丁峰,"﻿1. 哈尔滨建筑大学市政环境工程学院, 黑龙江哈尔滨 150090;"
﻿彭永臻,"﻿1. 哈尔滨建筑大学市政环境工程学院, 黑龙江哈尔滨 150090;"
﻿徐学清,"﻿1. 哈尔滨建筑大学市政环境工程学院, 黑龙江哈尔滨 150090;"
﻿王淑莹,"﻿1. 哈尔滨建筑大学市政环境工程学院, 黑龙江哈尔滨 150090;"
﻿王俊珍,"﻿天津大学化学系, 天津 300072"
﻿付希贤,"﻿天津大学化学系, 天津 300072"
﻿白树林,"﻿天津大学化学系, 天津 300072"
﻿杨秋华,"﻿天津大学化学系, 天津 300072"
﻿孙艺环,"﻿天津大学化学系, 天津 300072"
﻿曾淑兰,"﻿天津大学化学系, 天津 300072"
﻿朱志良,"﻿同济大学化学系, 上海 200092"
﻿张冰如,"﻿同济大学化学系, 上海 200092"
﻿苏耀东,"﻿同济大学化学系, 上海 200092"
﻿倪亚明,"﻿同济大学化学系, 上海 200092"
﻿王宇彤,"﻿
2. 兰州化学工业公司, 甘肃兰州 730060"
﻿宣志刚,"﻿
2. 兰州化学工业公司, 甘肃兰州 730060"
﻿杨昆,"﻿
2. 兰州化学工业公司, 甘肃兰州 730060"
﻿安继红,"﻿
2. 兰州化学工业公司, 甘肃兰州 730060"
﻿魏东晓,"﻿
2. 兰州化学工业公司, 甘肃兰州 730060"
﻿李冬刚,"﻿
2. 兰州化学工业公司, 甘肃兰州 730060"
﻿张庆轩,"﻿
2. 胜华炼油厂, 山东东营 257062"
﻿杨国华,"﻿
2. 胜华炼油厂, 山东东营 257062"
﻿杨普江,"﻿
2. 胜华炼油厂, 山东东营 257062"
﻿王保三,"﻿
2. 胜华炼油厂, 山东东营 257062"
﻿郭天明,"﻿
2. 胜华炼油厂, 山东东营 257062"
﻿王文红,"﻿内蒙古工业大学电力学院动力系, 内蒙古呼和浩特 010080"
﻿刘启旺,"﻿内蒙古工业大学电力学院动力系, 内蒙古呼和浩特 010080"
﻿宁占伍,"﻿内蒙古工业大学电力学院动力系, 内蒙古呼和浩特 010080"
﻿吴宇峰,"﻿武汉石油化工厂设备监测防护中心, 湖北武汉 430082"
﻿周坤坪,"﻿武汉石油化工厂设备监测防护中心, 湖北武汉 430082"
﻿梁劲翌,"﻿武汉石油化工厂设备监测防护中心, 湖北武汉 430082"
﻿纪永亮,
﻿卜洪忠,"﻿南京化工大学理学院, 江苏南京 210009"
﻿姚成,"﻿南京化工大学理学院, 江苏南京 210009"
﻿林静,"﻿厦门市污水处理厂, 福建厦门 361004"
﻿兰文艺,"﻿冶金部建筑研究总院, 北京 100088"
﻿黄加东,"﻿中石化南京化学工业有限公司生产处, 江苏南京 210048"
﻿王纯双,"﻿双鸭山第一发电有限责任公司, 黑龙江双鸭山 155136"
﻿闫丽,"﻿双鸭山第一发电有限责任公司, 黑龙江双鸭山 155136"
﻿王宝云,"﻿双鸭山第一发电有限责任公司, 黑龙江双鸭山 155136"
﻿栾兆坤,"﻿中国科学院生态环境研究中心环境水化学国家重点实验室, 北京 100085"
﻿汤鸿霄,"﻿中国科学院生态环境研究中心环境水化学国家重点实验室, 北京 100085"
﻿王建新,"﻿半岛水处理有限公司, 上海 200020"
﻿俞三传,"﻿国家海洋局杭州水处理技术研究开发中心, 浙江杭州 310012"
﻿金可勇,"﻿国家海洋局杭州水处理技术研究开发中心, 浙江杭州 310012"
﻿高从堦,"﻿国家海洋局杭州水处理技术研究开发中心, 浙江杭州 310012"
﻿纪永亮,
﻿王静,"﻿国家海洋局天津海水淡化与综合利用研究所, 天津 300192"
﻿张雨山,"﻿国家海洋局天津海水淡化与综合利用研究所, 天津 300192"
﻿寇希元,"﻿国家海洋局天津海水淡化与综合利用研究所, 天津 300192"
﻿单科,"﻿国家海洋局天津海水淡化与综合利用研究所, 天津 300192"
﻿陈瑞福,"﻿漳州师范学院化学系, 福建漳州 363000"
﻿黄文氢,"﻿
2. 北京燕山石化公司化工一厂研究所, 北京 102550"
﻿高庆丰,"﻿
2. 北京燕山石化公司化工一厂研究所, 北京 102550"
﻿郑冬梅,"﻿
2. 北京燕山石化公司化工一厂研究所, 北京 102550"
﻿严莲荷,"﻿南京理工大学化工学院, 江苏南京 210094"
﻿董岳刚,"﻿南京理工大学化工学院, 江苏南京 210094"
﻿周申范,"﻿南京理工大学化工学院, 江苏南京 210094"
﻿赵晓蕾,"﻿南京理工大学化工学院, 江苏南京 210094"
﻿肖利平,"﻿1. 湘潭大学化学化工学院, 湖南湘潭 411105;"
﻿李胜群,"﻿1. 湘潭大学化学化工学院, 湖南湘潭 411105;"
﻿周建勇,"﻿1. 湘潭大学化学化工学院, 湖南湘潭 411105;"
﻿张森林,"﻿1. 湘潭大学化学化工学院, 湖南湘潭 411105;"
﻿李玉萍,"﻿兰州钢厂, 甘肃兰州 730020"
﻿李莉芬,"﻿兰州钢厂, 甘肃兰州 730020"
﻿王献科,"﻿兰州钢厂, 甘肃兰州 730020"
﻿徐恭,"﻿苏州市英光自动化工程有限公司, 江苏苏州 215002"
﻿李锡英,"﻿江西省科学院能源研究所, 江西南昌 330029"
﻿黄贞岚,"﻿江西省科学院能源研究所, 江西南昌 330029"
﻿杨沂凤,"﻿江西省科学院能源研究所, 江西南昌 330029"
﻿吴晓,"﻿江西省科学院能源研究所, 江西南昌 330029"
﻿张仲信,"﻿湛江东兴石油企业有限公司, 广东湛江 524012"
﻿李广玉,"﻿湛江东兴石油企业有限公司, 广东湛江 524012"
﻿周维峰,"﻿
2. 江苏省盛科公司, 江苏南京 210042"
﻿吴名凤,"﻿
2. 江苏省盛科公司, 江苏南京 210042"
﻿孙锁柱,"﻿
2. 胶州市格瑞水处理技术研究所, 山东胶州 266300"
﻿薛文华,"﻿
2. 胶州市格瑞水处理技术研究所, 山东胶州 266300"
﻿孟令春,"﻿
2. 山东济宁市菜园生建煤矿, 山东济宁 277210"
﻿孙其美,"﻿
2. 山东济宁市菜园生建煤矿, 山东济宁 277210"
﻿姚光益,"﻿安徽省马鞍山发电厂, 安徽马鞍山 243021"
﻿陶国军,"﻿安徽省马鞍山发电厂, 安徽马鞍山 243021"
﻿方健,"﻿同济大学物理系环境物理研究室, 上海 200092"
﻿李广兵,"﻿同济大学物理系环境物理研究室, 上海 200092"
﻿李杰,"﻿同济大学物理系环境物理研究室, 上海 200092"
﻿张金波,"﻿
2. 江汉石油学院精细化工研究所, 湖北荆州 434102"
﻿傅绍斌,"﻿
2. 江汉石油学院精细化工研究所, 湖北荆州 434102"
﻿曾玉彬,"﻿
2. 江汉石油学院精细化工研究所, 湖北荆州 434102"
﻿吕正中,"﻿中南工业大学化学化工学院, 湖南长沙 410083"
﻿谭爱民,"﻿中南工业大学化学化工学院, 湖南长沙 410083"
﻿张磊,"﻿中南工业大学化学化工学院, 湖南长沙 410083"
﻿张心英,"﻿中南工业大学化学化工学院, 湖南长沙 410083"
﻿石太宏,"﻿
2. 广州工业大学资源与环境工程系, 广东广州 510090"
﻿汤兵,"﻿
2. 广州工业大学资源与环境工程系, 广东广州 510090"
﻿尹晓红,"﻿国家工业水处理工程技术研究中心, 天津 300131"
﻿张敏莉,"﻿国家工业水处理工程技术研究中心, 天津 300131"
﻿张艳芳,"﻿国家工业水处理工程技术研究中心, 天津 300131"
﻿霍莹,"﻿国家工业水处理工程技术研究中心, 天津 300131"
﻿唐维学,"﻿广州有色金属研究院, 广东广州 510651"
﻿叶富华,"﻿广州有色金属研究院, 广东广州 510651"
﻿杨改霞,"﻿广州有色金属研究院, 广东广州 510651"
﻿张建民,"﻿西北纺织工学院环境工程系, 陕西西安 710048"
﻿李茹,"﻿西北纺织工学院环境工程系, 陕西西安 710048"
﻿贾红健,"﻿西北纺织工学院环境工程系, 陕西西安 710048"
﻿刘婉尔,"﻿西北纺织工学院环境工程系, 陕西西安 710048"
﻿吴宇峰,"﻿武汉石油化工厂设备研究所, 湖北武汉 430082"
﻿周坤坪,"﻿武汉石油化工厂设备研究所, 湖北武汉 430082"
﻿唐同庆,"﻿武汉石油化工厂设备研究所, 湖北武汉 430082"
﻿张素玢,"﻿
2. 本溪师专生化系, 辽宁本溪 117000"
﻿辛长波,"﻿
2. 本溪师专生化系, 辽宁本溪 117000"
﻿王晰,"﻿
2. 本溪师专生化系, 辽宁本溪 117000"
﻿姜成国,"﻿哈尔滨工业大学, 黑龙江哈尔滨 150001"
﻿冉树成,"﻿哈尔滨工业大学, 黑龙江哈尔滨 150001"
﻿郑雪梅,"﻿哈尔滨工业大学, 黑龙江哈尔滨 150001"
﻿孙斌,"﻿哈尔滨工业大学, 黑龙江哈尔滨 150001"
﻿冀旺年,"﻿大庆职工大学, 黑龙江大庆 163255"
﻿陈新萍,"﻿大庆职工大学, 黑龙江大庆 163255"
﻿王利民,"﻿山东丽波日化股份有限公司, 山东潍坊 261031"
﻿陈海南,"﻿山东丽波日化股份有限公司, 山东潍坊 261031"
﻿田庆堂,"﻿山东丽波日化股份有限公司, 山东潍坊 261031"
﻿杨桂珍,"﻿山东丽波日化股份有限公司, 山东潍坊 261031"
﻿熊正为,"﻿中南工学院建工系, 湖南衡阳 421001"
﻿谢水波,"﻿中南工学院建工系, 湖南衡阳 421001"
﻿李亚峰,"﻿
2. 丹东化纤公司设计院, 辽宁丹东 118002"
﻿黄迎春,"﻿
2. 丹东化纤公司设计院, 辽宁丹东 118002"
﻿岳长贵,"﻿
2. 天津电力公司发电部, 天津 300010"
﻿刘国树,"﻿
2. 天津电力公司发电部, 天津 300010"
﻿陈秀誉,"﻿
2. 天津电力公司发电部, 天津 300010"
﻿李兴,"﻿
2. 天津电力公司发电部, 天津 300010"
﻿晏小平,"﻿湖南省岳阳市长岭炼油厂化工有限责任公司供排水厂, 湖南岳阳 414012"
﻿彭明勇,"﻿湖南省岳阳市长岭炼油厂化工有限责任公司供排水厂, 湖南岳阳 414012"
﻿郑凯,﻿河北省邯郸市锅炉压力容器检验所
﻿陶龙骧,"﻿中国科学院大连化学物理研究所, 辽宁大连 116023"
﻿谢茂松,"﻿中国科学院大连化学物理研究所, 辽宁大连 116023"
﻿陈亮,"﻿东华大学环境科学与工程学院, 上海 200051"
﻿陈东辉,"﻿东华大学环境科学与工程学院, 上海 200051"
﻿江立文,"﻿
2. 兰州铁道学院环境工程系, 甘肃兰州 730070"
﻿李耀中,"﻿
2. 兰州铁道学院环境工程系, 甘肃兰州 730070"
﻿周岳溪,"﻿
2. 兰州铁道学院环境工程系, 甘肃兰州 730070"
﻿邱熔处,"﻿
2. 兰州铁道学院环境工程系, 甘肃兰州 730070"
﻿刘红斌,"﻿军事医学科学院卫生装备研究所, 天津 300161"
﻿龚承元,"﻿军事医学科学院卫生装备研究所, 天津 300161"
﻿苏建勇,"﻿军事医学科学院卫生装备研究所, 天津 300161"
﻿朱孟府,"﻿军事医学科学院卫生装备研究所, 天津 300161"
﻿张惠源,"﻿
2. 中国原子能科学研究院, 北京 102413"
﻿王榕树,"﻿
2. 中国原子能科学研究院, 北京 102413"
﻿林灿生,"﻿
2. 中国原子能科学研究院, 北京 102413"
﻿张先业,"﻿
2. 中国原子能科学研究院, 北京 102413"
﻿赵鑫,"﻿南阳理工学院化工系, 河南南阳 473066"
﻿李津,"﻿南阳理工学院化工系, 河南南阳 473066"
﻿杜思钦,"﻿南阳理工学院化工系, 河南南阳 473066"
﻿崔小明,"﻿北京燕山石化公司研究院, 北京 102550"
﻿庞如振,"﻿北京燕山石化公司研究院, 北京 102550"
﻿金栋,"﻿北京燕山石化公司研究院, 北京 102550"
﻿董丽艳,"﻿北京燕山石化公司研究院, 北京 102550"
﻿刘宏,"﻿江苏理工大学生物与环境工程学院, 江苏镇江 212013"
﻿杨正富,"﻿仪征化纤股份有限公司给排水厂, 江苏仪征 211900"
﻿郭翠梨,"﻿
2. 天津化工研究设计院, 天津 300131"
﻿张凤仙,"﻿
2. 天津化工研究设计院, 天津 300131"
﻿杨新宇,"﻿
2. 天津化工研究设计院, 天津 300131"
﻿王铮,"﻿天津纺织工学院膜分离工程研究所, 天津 300160"
﻿迟春亮,"﻿天津纺织工学院膜分离工程研究所, 天津 300160"
﻿邹长生,"﻿天津纺织工学院膜分离工程研究所, 天津 300160"
﻿王献科,"﻿兰州钢厂, 甘肃兰州 730020"
﻿李玉萍,"﻿兰州钢厂, 甘肃兰州 730020"
﻿李莉芬,"﻿兰州钢厂, 甘肃兰州 730020"
﻿彭宁云,"﻿武汉水利电力大学, 湖北武汉 430072"
﻿于萍,"﻿武汉水利电力大学, 湖北武汉 430072"
﻿罗运柏,"﻿武汉水利电力大学, 湖北武汉 430072"
﻿王为岩,"﻿大庆油田有限责任公司化工总厂动力厂, 黑龙江大庆 163411"
﻿杨清华,"﻿大庆油田有限责任公司化工总厂动力厂, 黑龙江大庆 163411"
﻿孟凡胜,"﻿大庆油田有限责任公司化工总厂动力厂, 黑龙江大庆 163411"
﻿边立槐,"﻿天津天钢集团有限公司, 天津 300180"
﻿孙国胜,"﻿天津天钢集团有限公司, 天津 300180"
﻿李建华,"﻿凌钢集团有限责任公司动力厂, 辽宁凌源 122504"
﻿张睿欣,"﻿凌钢集团有限责任公司动力厂, 辽宁凌源 122504"
﻿龚云峰,"﻿上海电力学院水处理研究室, 上海 200090"
﻿丁桓如,"﻿上海电力学院水处理研究室, 上海 200090"
﻿吴春华,"﻿上海电力学院水处理研究室, 上海 200090"
﻿王泽民,"﻿吉林大学, 吉林长春 130023"
﻿牛樱,"﻿东华大学, 上海 200051"
﻿陈季华,"﻿东华大学, 上海 200051"
﻿于海琴,"﻿北京电力高等专科学校, 北京 100044"
﻿陶若虹,"﻿北京电力高等专科学校, 北京 100044"
﻿李海燕,"﻿南京理工大学环境科学与工程系, 江苏南京 210094"
﻿高旭光,"﻿南京理工大学环境科学与工程系, 江苏南京 210094"
﻿安立超,"﻿南京理工大学环境科学与工程系, 江苏南京 210094"
﻿崔玉民,"﻿安徽阜阳师范学院化学系, 安徽阜阳 236032"
﻿徐立杰,"﻿安徽阜阳师范学院化学系, 安徽阜阳 236032"
﻿朱亦仁,"﻿安徽阜阳师范学院化学系, 安徽阜阳 236032"
﻿陶武荣,"﻿华中理工大学化学系, 湖北武汉 430074"
﻿董泽华,"﻿华中理工大学化学系, 湖北武汉 430074"
﻿刘靖,"﻿华中理工大学化学系, 湖北武汉 430074"
﻿许立铭,"﻿华中理工大学化学系, 湖北武汉 430074"
﻿戴航,"﻿华中理工大学环境科学与工程系, 湖北武汉 430074"
﻿黄卫红,"﻿华中理工大学环境科学与工程系, 湖北武汉 430074"
﻿钱晓良,"﻿华中理工大学环境科学与工程系, 湖北武汉 430074"
﻿陆晓华,"﻿华中理工大学环境科学与工程系, 湖北武汉 430074"
﻿黄贞岚,"﻿江西省科学院能源所, 江西南昌 330029"
﻿李锡英,"﻿江西省科学院能源所, 江西南昌 330029"
﻿杨沂凤,"﻿江西省科学院能源所, 江西南昌 330029"
﻿吴晓,"﻿江西省科学院能源所, 江西南昌 330029"
﻿张忠民,"﻿江西省科学院能源所, 江西南昌 330029"
﻿王杰,"﻿华南理工大学造纸与环境工程学院, 广东广州 510641"
﻿肖锦,"﻿华南理工大学造纸与环境工程学院, 广东广州 510641"
﻿詹怀宇,"﻿华南理工大学造纸与环境工程学院, 广东广州 510641"
﻿杨正富,"﻿江苏仪征化纤股份有限公司给排水厂, 江苏仪征 211900"
﻿郑书忠,"﻿
2. 宜兴乐祺纺织印染有限公司, 江苏宜兴 214200"
﻿王忠诚,"﻿
2. 宜兴乐祺纺织印染有限公司, 江苏宜兴 214200"
﻿徐庆源,"﻿
2. 宜兴乐祺纺织印染有限公司, 江苏宜兴 214200"
﻿张艳芳,"﻿
2. 宜兴乐祺纺织印染有限公司, 江苏宜兴 214200"
﻿戴瑞泉,"﻿
2. 宜兴乐祺纺织印染有限公司, 江苏宜兴 214200"
﻿季青,"﻿
2. 宜兴乐祺纺织印染有限公司, 江苏宜兴 214200"
﻿顾秀煜,"﻿甘肃省石油化工设计院, 甘肃兰州 730030"
﻿杨杰,"﻿甘肃省石油化工设计院, 甘肃兰州 730030"
﻿杨清华,"﻿大庆油田化工总厂, 黑龙江大庆 163411"
﻿张立红,"﻿
3. 光明化工设计研究院, 辽宁大连 116031"
﻿余满春,"﻿
3. 光明化工设计研究院, 辽宁大连 116031"
﻿谢晓杰,"﻿
3. 光明化工设计研究院, 辽宁大连 116031"
﻿于家升,"﻿
3. 光明化工设计研究院, 辽宁大连 116031"
﻿田波,"﻿
3. 光明化工设计研究院, 辽宁大连 116031"
﻿蒋明虎,"﻿
2. 大庆石油学院, 黑龙江安达 151400"
﻿赵立新,"﻿
2. 大庆石油学院, 黑龙江安达 151400"
﻿侯秀峰,"﻿
2. 上海石化科技开发公司, 上海 200540"
﻿蔡瑞芳,"﻿
2. 上海石化科技开发公司, 上海 200540"
﻿何高荣,"﻿
2. 上海石化科技开发公司, 上海 200540"
﻿鲍其鼐,"﻿
2. 上海石化科技开发公司, 上海 200540"
﻿王方,"﻿清华大学热能工程系, 北京 100084"
﻿郝树宏,"﻿
2. 太原理工大学煤化所, 山西 太原 030024"
﻿高志华,"﻿
2. 太原理工大学煤化所, 山西 太原 030024"
﻿邓述波,"﻿
2. 大庆油田建设设计院, 黑龙江 大庆 163712"
﻿周抚生,"﻿
2. 大庆油田建设设计院, 黑龙江 大庆 163712"
﻿余刚,"﻿
2. 大庆油田建设设计院, 黑龙江 大庆 163712"
﻿蒋展鹏,"﻿
2. 大庆油田建设设计院, 黑龙江 大庆 163712"
﻿陈忠喜,"﻿
2. 大庆油田建设设计院, 黑龙江 大庆 163712"
﻿张瑞泉,"﻿
2. 大庆油田建设设计院, 黑龙江 大庆 163712"
﻿马文铁,"﻿
2. 大庆油田建设设计院, 黑龙江 大庆 163712"
﻿荆国华,"﻿湘潭大学环境工程系, 湖南 湘潭 411105"
﻿唐受印,"﻿湘潭大学环境工程系, 湖南 湘潭 411105"
﻿戴友芝,"﻿湘潭大学环境工程系, 湖南 湘潭 411105"
﻿杜仰民,"﻿西北纺织学院, 陕西 西安 710048"
﻿马华继,"﻿西北纺织学院, 陕西 西安 710048"
﻿张建民,"﻿西北纺织学院, 陕西 西安 710048"
﻿何蒸,"﻿西北纺织学院, 陕西 西安 710048"
﻿闫庆松,"﻿蓬莱市环境保护局, 山东 蓬莱 265600"
﻿武晓莉,"﻿华北电力大学环境工程系, 河北 保定 071003"
﻿常爱玲,"﻿华北电力大学环境工程系, 河北 保定 071003"
﻿胡满银,"﻿华北电力大学环境工程系, 河北 保定 071003"
﻿杨官平,"﻿华北电力大学环境工程系, 河北 保定 071003"
﻿曾玉彬,"﻿江汉石油学院石油工程系, 湖北 荆州 434102"
﻿傅绍斌,"﻿江汉石油学院石油工程系, 湖北 荆州 434102"
﻿杜巧云,"﻿
2. 洛阳市环保设计研究所, 河南 洛阳 471021"
﻿杜仲祥,"﻿
2. 洛阳市环保设计研究所, 河南 洛阳 471021"
﻿赵吉昌,"﻿
2. 洛阳市环保设计研究所, 河南 洛阳 471021"
﻿张鸿云,"﻿
2. 郑州市自来水公司, 河南 郑州 450007"
﻿张郁松,"﻿
2. 郑州市自来水公司, 河南 郑州 450007"
﻿崔洪升,"﻿
2. 郑州市自来水公司, 河南 郑州 450007"
﻿张晓霞,"﻿
2. 郑州市自来水公司, 河南 郑州 450007"
﻿刘红,"﻿
3. 武汉电力学校动力系, 湖北 武汉 430071"
﻿许佩瑶,"﻿
3. 武汉电力学校动力系, 湖北 武汉 430071"
﻿谭雪梅,"﻿
3. 武汉电力学校动力系, 湖北 武汉 430071"
﻿殷旭慧,"﻿厦门市城市排水监测站, 福建 厦门 361004"
﻿黄玉龙,"﻿厦门市城市排水监测站, 福建 厦门 361004"
﻿张海平,"﻿
2. 吉林市正源动力化学工程公司, 吉林市 132012"
﻿吴传琳,"﻿
2. 吉林市正源动力化学工程公司, 吉林市 132012"
﻿詹有涵,"﻿
2. 吉林市正源动力化学工程公司, 吉林市 132012"
﻿白净,"﻿北京美特利水处理工程技术有限公司, 北京 100011"
﻿王庭柱,"﻿双鸭山第一发电有限责任公司, 黑龙江 双鸭山 155136"
﻿王纯双,"﻿双鸭山第一发电有限责任公司, 黑龙江 双鸭山 155136"
﻿陆书江,"﻿双鸭山第一发电有限责任公司, 黑龙江 双鸭山 155136"
﻿李明玉,"﻿河南大学化学化工学院, 河南开封 475001"
﻿唐启红,"﻿河南大学化学化工学院, 河南开封 475001"
﻿张顺利,"﻿河南大学化学化工学院, 河南开封 475001"
﻿董方和,"﻿北京兴运天华科技发展有限责任公司, 北京 100084"
﻿王彦,"﻿北京兴运天华科技发展有限责任公司, 北京 100084"
﻿李黔龙,"﻿河南电力试验研究所, 河南郑州 450052"
﻿李田,"﻿
2. 马钢股份有限公司供排水厂, 安徽马鞍山 243000"
﻿董秉直,"﻿
2. 马钢股份有限公司供排水厂, 安徽马鞍山 243000"
﻿高宗林,"﻿
2. 马钢股份有限公司供排水厂, 安徽马鞍山 243000"
﻿汪为民,"﻿
2. 马钢股份有限公司供排水厂, 安徽马鞍山 243000"
﻿项爱霜,"﻿
2. 马钢股份有限公司供排水厂, 安徽马鞍山 243000"
﻿杨威,"﻿
2. 黑龙江大学化工学院, 黑龙江哈尔滨 150080"
﻿王鹏,"﻿
2. 黑龙江大学化工学院, 黑龙江哈尔滨 150080"
﻿胡万里,"﻿
2. 黑龙江大学化工学院, 黑龙江哈尔滨 150080"
﻿尹贻东,"﻿
2. 黑龙江大学化工学院, 黑龙江哈尔滨 150080"
﻿陈鹏,﻿北京化工大学生物化工系 北京 100029
﻿谭天伟,﻿北京化工大学生物化工系 北京 100029
﻿卢建杭,﻿浙江大学化学系 浙江杭州 310027
﻿王红斌,﻿浙江大学化学系 浙江杭州 310027
﻿刘维屏,﻿浙江大学化学系 浙江杭州 310027
﻿柴晓利,"﻿
2. 江苏省微生物研究所, 江苏无锡 214063"
﻿陈洁,"﻿
2. 江苏省微生物研究所, 江苏无锡 214063"
﻿王猛,"﻿
2. 江苏省微生物研究所, 江苏无锡 214063"
﻿沈志松,"﻿
2. 江苏省微生物研究所, 江苏无锡 214063"
﻿姜树宽,"﻿吉化集团环保产业有限公司, 吉林市 132021"
﻿高华生,"﻿1. 浙江大学环境科学与工程研究所, 浙江杭州 310027;"
﻿谭天恩,"﻿1. 浙江大学环境科学与工程研究所, 浙江杭州 310027;"
﻿江萍,"﻿1. 浙江大学环境科学与工程研究所, 浙江杭州 310027;"
﻿刘瑛,"﻿攀钢集团公司发电厂, 四川攀枝花 617012"
﻿孙培毅,"﻿沧州炼油厂热电厂, 河北沧州 061000"
﻿任国明,"﻿福建泰宁芦峰化工集团公司, 福建泰宁 354400"
﻿李金聚,"﻿中国长城铝业公司水电厂, 河南郑州 450041"
﻿梁中洲,"﻿中国长城铝业公司水电厂, 河南郑州 450041"
﻿刘艳泉,"﻿武汉钢电股份有限公司, 湖北武汉 430082"
﻿石莉,"﻿新疆克拉玛依石化厂设备研究所, 新疆克拉玛依 834001"
﻿张耀,"﻿新疆克拉玛依石化厂设备研究所, 新疆克拉玛依 834001"
﻿代宁波,"﻿新疆克拉玛依石化厂设备研究所, 新疆克拉玛依 834001"
﻿汤晓帆,"﻿宝山钢铁集团公司能源部, 上海 200941"
﻿张宜莓,"﻿宝山钢铁集团公司能源部, 上海 200941"
﻿徐斌,"﻿大连理工大学环境科学与工程系, 辽宁 大连 116012"
﻿王竞,"﻿大连理工大学环境科学与工程系, 辽宁 大连 116012"
﻿周集体,"﻿大连理工大学环境科学与工程系, 辽宁 大连 116012"
﻿宫小燕,"﻿大连理工大学环境科学与工程系, 辽宁 大连 116012"
﻿张劲松,"﻿大连理工大学环境科学与工程系, 辽宁 大连 116012"
﻿王岩,"﻿中国蓝星化学清洗总公司, 北京 100029"
﻿王志峰,"﻿中国蓝星化学清洗总公司, 北京 100029"
﻿李玉磊,"﻿武汉水利电力大学化环系, 湖北 武汉 430072"
﻿于萍,"﻿武汉水利电力大学化环系, 湖北 武汉 430072"
﻿宋斌,"﻿武汉水利电力大学化环系, 湖北 武汉 430072"
﻿罗运柏,"﻿武汉水利电力大学化环系, 湖北 武汉 430072"
﻿李进,"﻿北京电力高等专科学校化学系, 北京 100044"
﻿张葆宗,"﻿北京电力高等专科学校化学系, 北京 100044"
﻿黄民生,"﻿上海大学环境学院, 上海 200072"
﻿史宇凯,"﻿上海大学环境学院, 上海 200072"
﻿朱莉,"﻿上海大学环境学院, 上海 200072"
﻿张雨山,"﻿国家海洋局海水淡化与综合利用研究所, 天津 300192"
﻿王静,"﻿国家海洋局海水淡化与综合利用研究所, 天津 300192"
﻿徐梅生,"﻿国家海洋局海水淡化与综合利用研究所, 天津 300192"
﻿周勤,"﻿华南理工大学造纸与环境学院, 广东 广州 510640"
﻿肖锦,"﻿华南理工大学造纸与环境学院, 广东 广州 510640"
﻿朱云,"﻿华南理工大学造纸与环境学院, 广东 广州 510640"
﻿孙海梅,"﻿1. 首都医科大学组胚教研室, 北京 100054;"
﻿曾昭辉,"﻿1. 首都医科大学组胚教研室, 北京 100054;"
﻿郭崇洁,"﻿1. 首都医科大学组胚教研室, 北京 100054;"
﻿王爱军,"﻿新疆石油局勘察设计研究院, 新疆 乌鲁木齐 834000"
﻿张志庆,"﻿新疆石油局勘察设计研究院, 新疆 乌鲁木齐 834000"
﻿罗春林,"﻿新疆石油局勘察设计研究院, 新疆 乌鲁木齐 834000"
﻿郭玉华,"﻿深圳市工业废物处理站, 广东 深圳 518049"
﻿吴小令,"﻿深圳市工业废物处理站, 广东 深圳 518049"
﻿郑建涛,"﻿深圳市工业废物处理站, 广东 深圳 518049"
﻿陈志传,"﻿深圳市工业废物处理站, 广东 深圳 518049"
﻿韩坤,"﻿天津化工研究设计院, 天津 300131"
﻿张敏莉,"﻿天津化工研究设计院, 天津 300131"
﻿鲁秀国,"﻿河北大学化学系, 河北 保定 071002"
﻿马艳然,"﻿河北大学化学系, 河北 保定 071002"
﻿王日军,"﻿河北大学化学系, 河北 保定 071002"
﻿石光雨,"﻿河北大学化学系, 河北 保定 071002"
﻿张丹丹,"﻿南通市环境保护监测站, 江苏 南通 226006"
﻿孙元杰,"﻿
2. 天津化工研究设计院, 天津 300131"
﻿周伟生,"﻿
2. 天津化工研究设计院, 天津 300131"
﻿郑书忠,"﻿
2. 天津化工研究设计院, 天津 300131"
﻿霍爱群,"﻿
2. 天津化工研究设计院, 天津 300131"
﻿张学坤,"﻿安徽淮化集团有限公司, 安徽 淮南 232038"
﻿虞亮,"﻿安徽淮化集团有限公司, 安徽 淮南 232038"
﻿孙镇淑,"﻿吉林省延边石岘造纸厂热电分厂, 吉林 延边 133101"
﻿张继华,"﻿昆明市环境科学研究所, 云南 昆明 650032"
﻿万金保,"﻿南昌大学环化学院, 江西 南昌 330029"
﻿李本高,"﻿
2. 上海宝山钢铁集团公司能源部, 上海 201900"
﻿余正齐,"﻿
2. 上海宝山钢铁集团公司能源部, 上海 201900"
﻿张宜莓,"﻿
2. 上海宝山钢铁集团公司能源部, 上海 201900"
﻿雷中方,"﻿复旦大学环境科学与工程系, 上海 200433"
﻿高铁,"﻿上海材料研究所, 上海 200437"
﻿钱朝勇,"﻿上海材料研究所, 上海 200437"
﻿张如意,"﻿焦作工学院, 河南 焦作 454000"
﻿阳红,"﻿焦作工学院, 河南 焦作 454000"
﻿高彩玲,"﻿焦作工学院, 河南 焦作 454000"
﻿王静,"﻿国家海洋局天津海水淡化与综合利用研究所, 天津 300192"
﻿张雨山,"﻿国家海洋局天津海水淡化与综合利用研究所, 天津 300192"
﻿徐梅生,"﻿国家海洋局天津海水淡化与综合利用研究所, 天津 300192"
﻿夏畅斌,"﻿湘潭工学院环境工程与化工新技术研究所, 湖南 湘潭 411201"
﻿何湘柱,"﻿湘潭工学院环境工程与化工新技术研究所, 湖南 湘潭 411201"
﻿李德良,"﻿湘潭工学院环境工程与化工新技术研究所, 湖南 湘潭 411201"
﻿刘祥,"﻿西安石油学院石油化学工程系, 陕西 西安 710065"
﻿李谦定,"﻿西安石油学院石油化学工程系, 陕西 西安 710065"
﻿王光江,"﻿西北工业大学化工系, 陕西 西安 710072"
﻿韦金芳,"﻿西北工业大学化工系, 陕西 西安 710072"
﻿成西涛,"﻿西北工业大学化工系, 陕西 西安 710072"
﻿陈天虎,"﻿合肥工业大学资源与环境科学系, 安徽 合肥 230009"
﻿蒋湘顺,"﻿1. 辽宁大学环境与生命科学学院, 辽宁 沈阳 110036;"
﻿秦美洁,"﻿1. 辽宁大学环境与生命科学学院, 辽宁 沈阳 110036;"
﻿吴林友,"﻿1. 辽宁大学环境与生命科学学院, 辽宁 沈阳 110036;"
﻿车金林,"﻿广东江门生物技术开发中心, 广东 江门 529080"
﻿刘桂祯,"﻿广东江门生物技术开发中心, 广东 江门 529080"
﻿郑立群,"﻿
2. 抚顺石油化工公司石油三厂, 辽宁 抚顺 113001"
﻿左晋,"﻿
2. 抚顺石油化工公司石油三厂, 辽宁 抚顺 113001"
﻿荀伟,"﻿
2. 抚顺石油化工公司石油三厂, 辽宁 抚顺 113001"
﻿顾其贞,"﻿
2. 抚顺石油化工公司石油三厂, 辽宁 抚顺 113001"
﻿张述,"﻿
2. 抚顺石油化工公司石油三厂, 辽宁 抚顺 113001"
﻿洪秀清,"﻿
2. 抚顺石油化工公司石油三厂, 辽宁 抚顺 113001"
﻿谭红,"﻿巴陵公司长岭炼油化工总厂设备研究所, 湖南 岳阳 414012"
﻿田剑临,"﻿巴陵公司长岭炼油化工总厂设备研究所, 湖南 岳阳 414012"
﻿李景宁,"﻿
2. 南峰水处理服务有限公司, 广东 深圳 528000"
﻿汪朝阳,"﻿
2. 南峰水处理服务有限公司, 广东 深圳 528000"
﻿黄南哲,"﻿
2. 南峰水处理服务有限公司, 广东 深圳 528000"
﻿吴芸,"﻿天津化工研究设计院, 天津 300131"
﻿穆毅,"﻿天津化工研究设计院, 天津 300131"
﻿吴志敏,"﻿新疆阜西石油基地供热公司, 新疆 阜康县 831511"
﻿魏刚,﻿北京化工大学， 北京 100029
﻿徐斌,﻿北京化工大学， 北京 100029
﻿熊蓉春,﻿北京化工大学， 北京 100029
﻿孙剑辉,﻿河南师范大学化学与环境科学学院河南省高等学校环境工程重点开放实验室， 河南新乡 453002
﻿徐毅,﻿河南师范大学化学与环境科学学院河南省高等学校环境工程重点开放实验室， 河南新乡 453002
﻿李凡修,﻿江汉石油学院化学工程系， 湖北荆州 434102
﻿辛焰,﻿江汉石油学院化学工程系， 湖北荆州 434102
﻿陈武,﻿江汉石油学院化学工程系， 湖北荆州 434102
﻿王春华,"﻿
2. 威海市环保局， 山东威海 264200"
﻿曲荣君,"﻿
2. 威海市环保局， 山东威海 264200"
﻿王海霞,"﻿
2. 威海市环保局， 山东威海 264200"
﻿高士芹,"﻿
2. 威海市环保局， 山东威海 264200"
﻿杜爱君,"﻿
2. 威海市环保局， 山东威海 264200"
﻿何德文,"﻿
2. 南京理工大学环境科学系， 南京 210094"
﻿肖羽堂,"﻿
2. 南京理工大学环境科学系， 南京 210094"
﻿周申范,"﻿
2. 南京理工大学环境科学系， 南京 210094"
﻿崔小明,﻿北京燕山石化公司研究院， 北京 102550
﻿丁健,"﻿
3. 北京化工大学， 北京 100029"
﻿张裕卿,"﻿
3. 北京化工大学， 北京 100029"
﻿霍爱群,"﻿
3. 北京化工大学， 北京 100029"
﻿吴天文,"﻿
3. 北京化工大学， 北京 100029"
﻿郭良生,﻿中国科学院福建物质结构研究所二部， 福建厦门 361012
﻿黄霓裳,﻿中国科学院福建物质结构研究所二部， 福建厦门 361012
﻿余兴增,﻿中国科学院福建物质结构研究所二部， 福建厦门 361012
﻿邱富荣,﻿中国科学院福建物质结构研究所二部， 福建厦门 361012
﻿石小燕,﻿中国科学院福建物质结构研究所二部， 福建厦门 361012
﻿杨德红,﻿南京理工大学化工学院， 江苏南京 210094
﻿严莲荷,﻿南京理工大学化工学院， 江苏南京 210094
﻿叶静娴,﻿南京理工大学化工学院， 江苏南京 210094
﻿尹先清,﻿华中理工大学化学系， 湖北武汉 430074
﻿陆晓华,﻿华中理工大学化学系， 湖北武汉 430074
﻿邓皓,﻿华中理工大学化学系， 湖北武汉 430074
﻿孙灵芳,﻿东北电力学院节能及测控技术研究中心， 吉林市 132012
﻿王建国,﻿东北电力学院节能及测控技术研究中心， 吉林市 132012
﻿徐志明,﻿东北电力学院节能及测控技术研究中心， 吉林市 132012
﻿杨善让,﻿东北电力学院节能及测控技术研究中心， 吉林市 132012
﻿董黎红,﻿河南省分析测试中心， 河南郑州 450002
﻿李文峰,﻿河南省分析测试中心， 河南郑州 450002
﻿高瓦玲,"﻿
2. 南京化工大学应用化学系， 江苏南京 210009"
﻿候忠德,"﻿
2. 南京化工大学应用化学系， 江苏南京 210009"
﻿杨文忠,"﻿
2. 南京化工大学应用化学系， 江苏南京 210009"
﻿唐永明,"﻿
2. 南京化工大学应用化学系， 江苏南京 210009"
﻿赵海,﻿武汉钢铁设计研究院， 湖北武汉 430080
﻿张建平,﻿1. 长庆咸阳石油助剂厂， 陕西咸阳 712000;
﻿向学文,﻿1. 长庆咸阳石油助剂厂， 陕西咸阳 712000;
﻿陈国民,﻿湖南城建高等专科学校， 湖南益阳 413000
﻿郑宇丁,﻿华北制药集团公司设备动力部， 河北石家庄 050015
﻿郭如新,"﻿天津碱厂, 天津 300450"
﻿邵青,"﻿天津化工研究设计院, 天津 300131"
﻿张慧春,"﻿
3. 南京大学环境科学与工程系, 江苏南京 210093"
﻿闫爱军,"﻿
3. 南京大学环境科学与工程系, 江苏南京 210093"
﻿李俊文,"﻿
3. 南京大学环境科学与工程系, 江苏南京 210093"
﻿吴昌龙,"﻿
3. 南京大学环境科学与工程系, 江苏南京 210093"
﻿陈金龙,"﻿
3. 南京大学环境科学与工程系, 江苏南京 210093"
﻿冯骏,"﻿广东省石油化工研究院, 广东广州 510665"
﻿林玲玲,"﻿齐鲁石化公司技术处, 山东辛店 255436"
﻿朱志良,"﻿同济大学化学系, 上海 200092"
﻿张冰如,"﻿同济大学化学系, 上海 200092"
﻿苏耀东,"﻿同济大学化学系, 上海 200092"
﻿倪亚明,"﻿同济大学化学系, 上海 200092"
﻿张裕卿,"﻿
2. 天津化工研究设计院, 天津 300131"
﻿丁健,"﻿
2. 天津化工研究设计院, 天津 300131"
﻿常俊石,"﻿
2. 天津化工研究设计院, 天津 300131"
﻿刘峥,"﻿桂林工学院材料系, 广西桂林 541004"
﻿崔高峰,"﻿山东省分析测试中心, 山东济南 250014"
﻿王连军,"﻿南京理工大学化工学院环境工程系, 江苏南京 210094"
﻿蔡敏敏,"﻿南京理工大学化工学院环境工程系, 江苏南京 210094"
﻿荆晶,"﻿南京理工大学化工学院环境工程系, 江苏南京 210094"
﻿刘晓东,"﻿南京理工大学化工学院环境工程系, 江苏南京 210094"
﻿孙秀云,"﻿南京理工大学化工学院环境工程系, 江苏南京 210094"
﻿农晋琦,"﻿深圳市自来水(集团)有限公司, 广东深圳 518031"
﻿卢益新,"﻿深圳市自来水(集团)有限公司, 广东深圳 518031"
﻿朱蓉,"﻿深圳市自来水(集团)有限公司, 广东深圳 518031"
﻿黄子良,"﻿
3. 攀枝花钢铁研究院, 四川攀枝花 617000"
﻿郑国兴,"﻿
3. 攀枝花钢铁研究院, 四川攀枝花 617000"
﻿汪雪梅,"﻿
3. 攀枝花钢铁研究院, 四川攀枝花 617000"
﻿欧阳志,﻿金陵石化公司化肥厂水处理中心. 江苏南京 210033
﻿高宗林,"﻿
2. 武进精细化工厂, 江苏武进 213119"
﻿项爱霜,"﻿
2. 武进精细化工厂, 江苏武进 213119"
﻿汪为民,"﻿
2. 武进精细化工厂, 江苏武进 213119"
﻿诸育德,"﻿
2. 武进精细化工厂, 江苏武进 213119"
﻿张正辉,"﻿
2. 武进精细化工厂, 江苏武进 213119"
﻿赵荣明,"﻿
2. 武进精细化工厂, 江苏武进 213119"
﻿宫本君,"﻿大庆石化总厂水气厂, 黑龙江大庆 163714"
﻿许占祥,"﻿大庆石化总厂水气厂, 黑龙江大庆 163714"
﻿许保玖,"﻿清华大学, 北京 100084"
﻿鲍其鼐,"﻿上海石化科技开发公司, 上海 200540"
﻿何高荣,"﻿上海石化科技开发公司, 上海 200540"
﻿季淑邑,"﻿上海石化科技开发公司, 上海 200540"
﻿蓝梅,"﻿同济大学环境工程学院, 上海 200092"
﻿顾国维,"﻿同济大学环境工程学院, 上海 200092"
﻿彭玉凡,"﻿中山大学环境科学与工程研究中心, 广东广州 510275"
﻿陈卫国,"﻿中山大学环境科学与工程研究中心, 广东广州 510275"
﻿朱锡海,"﻿中山大学环境科学与工程研究中心, 广东广州 510275"
﻿张剑辉,"﻿中山大学环境科学与工程研究中心, 广东广州 510275"
﻿钟琼燕,"﻿中山大学环境科学与工程研究中心, 广东广州 510275"
﻿罗传荣,"﻿中山大学环境科学与工程研究中心, 广东广州 510275"
﻿徐寿,"﻿中山大学环境科学与工程研究中心, 广东广州 510275"
﻿关卫省,"﻿西安公路交通大学建筑与环境工程系, 陕西西安 710064"
﻿朱唯,"﻿西安公路交通大学建筑与环境工程系, 陕西西安 710064"
﻿朱浚黄,"﻿西安公路交通大学建筑与环境工程系, 陕西西安 710064"
﻿党酉胜,"﻿西安交通大学化工学院高分子系, 陕西西安 710049"
﻿郭焱,"﻿西安交通大学化工学院高分子系, 陕西西安 710049"
﻿卢凤纪,"﻿西安交通大学化工学院高分子系, 陕西西安 710049"
﻿武哲,"﻿
3. 东北电力学院研究生部, 吉林市 132012"
﻿刘凡清,"﻿
3. 东北电力学院研究生部, 吉林市 132012"
﻿郗丽娟,"﻿
3. 东北电力学院研究生部, 吉林市 132012"
﻿谢世权,"﻿
3. 东北电力学院研究生部, 吉林市 132012"
﻿赵广英,"﻿
2. 沧州炼油厂, 河北沧州 061000"
﻿罗敏,"﻿
2. 沧州炼油厂, 河北沧州 061000"
﻿刘国庆,"﻿
2. 沧州炼油厂, 河北沧州 061000"
﻿王占生,"﻿
2. 沧州炼油厂, 河北沧州 061000"
﻿李艳芝,"﻿
2. 沧州炼油厂, 河北沧州 061000"
﻿李义久,"﻿同济大学化学系微量元素研究所, 上海 200092"
﻿曾新平,"﻿同济大学化学系微量元素研究所, 上海 200092"
﻿马前,"﻿同济大学化学系微量元素研究所, 上海 200092"
﻿钱再波,"﻿同济大学化学系微量元素研究所, 上海 200092"
﻿郭蕴萍,"﻿同济大学化学系微量元素研究所, 上海 200092"
﻿倪亚明,"﻿同济大学化学系微量元素研究所, 上海 200092"
﻿程晓晶,"﻿
2. 新疆工学院化学工程系新疆乌鲁木齐, 830049"
﻿刘春明,"﻿
2. 新疆工学院化学工程系新疆乌鲁木齐, 830049"
﻿马凤云,"﻿
2. 新疆工学院化学工程系新疆乌鲁木齐, 830049"
﻿于萍,"﻿
2. 湖南省张家界水电开发公司, 湖南张家界 427000"
﻿罗运柏,"﻿
2. 湖南省张家界水电开发公司, 湖南张家界 427000"
﻿万俊,"﻿
2. 湖南省张家界水电开发公司, 湖南张家界 427000"
﻿宋维胜,"﻿
2. 湖南省张家界水电开发公司, 湖南张家界 427000"
﻿孙峻,"﻿
2. 青岛市海泊河污水处理厂, 山东青岛 266021"
﻿柯崇宜,"﻿
2. 青岛市海泊河污水处理厂, 山东青岛 266021"
﻿田秀君,"﻿北京电力高等专科学校化学工程系, 北京 100044"
﻿杨鸿,"﻿北京电力高等专科学校化学工程系, 北京 100044"
﻿陶若虹,"﻿北京电力高等专科学校化学工程系, 北京 100044"
﻿于永丽,"﻿东北大学理学院, 辽宁沈阳 110006"
﻿苏永渤,"﻿东北大学理学院, 辽宁沈阳 110006"
﻿白忻平,"﻿
2. 大连理工大学化工学院, 辽宁大连 116012"
﻿任建新,"﻿
2. 大连理工大学化工学院, 辽宁大连 116012"
﻿梁成浩,"﻿
2. 大连理工大学化工学院, 辽宁大连 116012"
﻿赵立新,"﻿大庆石油学院机械系, 黑龙江安达 151400"
﻿李枫,"﻿大庆石油学院机械系, 黑龙江安达 151400"
﻿王尊策,"﻿大庆石油学院机械系, 黑龙江安达 151400"
﻿蒋明虎,"﻿大庆石油学院机械系, 黑龙江安达 151400"
﻿贺杰,"﻿大庆石油学院机械系, 黑龙江安达 151400"
﻿张文元,"﻿济钢集团总公司氧气厂, 山东济南 250101"
﻿张音波,"﻿广东工业大学环境工程系, 广东广州 510090"
﻿余煜棉,"﻿广东工业大学环境工程系, 广东广州 510090"
﻿刘千钧,"﻿广东工业大学环境工程系, 广东广州 510090"
﻿王有乐,"﻿甘肃工业大学石油化工学院, 甘肃兰州 730050"
﻿张庆芳,"﻿甘肃工业大学石油化工学院, 甘肃兰州 730050"
﻿郭永龙,"﻿
2. 中国地质大学工程学院, 湖北武汉 430074"
﻿王焰新,"﻿
2. 中国地质大学工程学院, 湖北武汉 430074"
﻿蔡鹤生,"﻿
2. 中国地质大学工程学院, 湖北武汉 430074"
﻿李长海,"﻿哈尔滨工业大学应用化学系, 黑龙江哈尔滨 150001"
﻿史鹏飞,"﻿哈尔滨工业大学应用化学系, 黑龙江哈尔滨 150001"
﻿方健,"﻿同济大学物理系环境物理研究室, 上海 200092"
﻿李广兵,"﻿同济大学物理系环境物理研究室, 上海 200092"
﻿严振宇,"﻿同济大学物理系环境物理研究室, 上海 200092"
﻿李杰,"﻿同济大学物理系环境物理研究室, 上海 200092"
﻿龚炜丽,"﻿
2. 金陵石化化工一厂安环科, 江苏南京 210038"
﻿陈玉妹,"﻿
2. 金陵石化化工一厂安环科, 江苏南京 210038"
﻿罗逸,"﻿
2. 中原油田油脂化工厂, 河南濮阳 457002"
﻿郝胜勇,"﻿
2. 中原油田油脂化工厂, 河南濮阳 457002"
﻿贺全国,"﻿常德师范学院化学系, 湖南常德 415000"
﻿孙元喜,"﻿常德师范学院化学系, 湖南常德 415000"
﻿刘平,"﻿常德师范学院化学系, 湖南常德 415000"
﻿张儒祥,"﻿常德师范学院化学系, 湖南常德 415000"
﻿王鹤立,"﻿
3. 国家电力公司东北电力设计院, 吉林长春 130021"
﻿程丽,"﻿
3. 国家电力公司东北电力设计院, 吉林长春 130021"
﻿李相峰,"﻿
3. 国家电力公司东北电力设计院, 吉林长春 130021"
﻿李向东,"﻿
3. 国家电力公司东北电力设计院, 吉林长春 130021"
﻿谢长血,"﻿国家电力公司电力建设研究所, 北京 100055"
﻿杨亚玲,"﻿昆明理工大学生化学院, 云南昆明 650224"
﻿毕莉,"﻿昆明理工大学生化学院, 云南昆明 650224"
﻿刘谋盛,"﻿昆明理工大学生化学院, 云南昆明 650224"
﻿程凯英,"﻿
2. 广东工业大学环境工程系, 广东广州 510090"
﻿林美强,"﻿
2. 广东工业大学环境工程系, 广东广州 510090"
﻿林建民,"﻿
2. 广东工业大学环境工程系, 广东广州 510090"
﻿朱又春,"﻿
2. 广东工业大学环境工程系, 广东广州 510090"
﻿韩宏大,"﻿天津市公用事业设计研究所, 天津 300100"
﻿何文杰,"﻿天津市公用事业设计研究所, 天津 300100"
﻿胡伟林,"﻿华越微电子有限公司, 浙江绍兴 312016"
﻿王涛,"﻿机械科学研究院环境保护技术与装备研究所, 北京 100044"
﻿楼上游,"﻿机械科学研究院环境保护技术与装备研究所, 北京 100044"
﻿陈岚,"﻿天津理工学院, 天津 300191"
﻿李建国,"﻿天津理工学院, 天津 300191"
﻿白云松,"﻿天津理工学院, 天津 300191"
﻿张蓓,"﻿同济大学污染控制与资源化国家重点实验室, 上海 200092"
﻿赵建夫,"﻿同济大学污染控制与资源化国家重点实验室, 上海 200092"
﻿李光明,"﻿同济大学污染控制与资源化国家重点实验室, 上海 200092"
﻿肖晔远,"﻿同济大学污染控制与资源化国家重点实验室, 上海 200092"
﻿王相承,"﻿防化指挥工程学院, 北京 102205"
﻿左生龙,"﻿中国兵器工业第五设计研究院, 北京 100053"
﻿迟正平,"﻿中国兵器工业第五设计研究院, 北京 100053"
﻿唐光临,"﻿重庆大学材料科学与工程学院, 重庆 400044"
﻿孙国新,"﻿重庆大学材料科学与工程学院, 重庆 400044"
﻿徐楚韶,"﻿重庆大学材料科学与工程学院, 重庆 400044"
﻿何成达,"﻿扬州大学水利与建筑工程学院环境工程系, 江苏扬州 225009"
﻿王永广,"﻿扬州大学水利与建筑工程学院环境工程系, 江苏扬州 225009"
﻿张键,"﻿扬州大学水利与建筑工程学院环境工程系, 江苏扬州 225009"
﻿陈广元,"﻿扬州大学水利与建筑工程学院环境工程系, 江苏扬州 225009"
﻿谢加才,"﻿
3. 辽河石油工程公司"
﻿高廷耀,"﻿
3. 辽河石油工程公司"
﻿周增炎,"﻿
3. 辽河石油工程公司"
﻿王正江,"﻿
3. 辽河石油工程公司"
﻿李明义,"﻿
3. 辽河石油工程公司"
﻿陈建新,"﻿天津化工研究设计院, 天津 300131"
﻿周长恩,"﻿天津化工研究设计院, 天津 300131"
﻿寇战峰,"﻿天津化工研究设计院, 天津 300131"
﻿余继武,"﻿天津化工研究设计院, 天津 300131"
﻿周晓湘,"﻿
2. 蒲山电厂, 河南郑州 450052"
﻿张战生,"﻿
2. 蒲山电厂, 河南郑州 450052"
﻿孟兆龙,"﻿
2. 南京理工大学水处理研究所, 江苏南京 210094"
﻿王少栋,"﻿
2. 南京理工大学水处理研究所, 江苏南京 210094"
﻿安勇,"﻿
2. 南京理工大学水处理研究所, 江苏南京 210094"
﻿雷武,"﻿
2. 南京理工大学水处理研究所, 江苏南京 210094"
﻿夏明珠,"﻿
2. 南京理工大学水处理研究所, 江苏南京 210094"
﻿王风云,"﻿
2. 南京理工大学水处理研究所, 江苏南京 210094"
﻿谢晓华,"﻿
2. 天津化工研究设计院, 天津 300131"
﻿孙岩,"﻿
2. 天津化工研究设计院, 天津 300131"
﻿袁玮,"﻿
3. 广州有色金属研究院, 广东深圳 518067"
﻿祖荣,"﻿
3. 广州有色金属研究院, 广东深圳 518067"
﻿李海涛,"﻿
3. 广州有色金属研究院, 广东深圳 518067"
﻿陈进生,"﻿厦门嵩屿电厂, 福建厦门 361026"
﻿谢晓,"﻿
2. 金华盛纸业(苏州工业园区)有限公司汽电厂, 上海 200041"
﻿王加胜,"﻿
2. 金华盛纸业(苏州工业园区)有限公司汽电厂, 上海 200041"
﻿王耀豪,"﻿
2. 金华盛纸业(苏州工业园区)有限公司汽电厂, 上海 200041"
﻿韩晓东,"﻿宁夏大坝发电厂, 宁夏青铜峡 751607"
﻿梁伟杰,"﻿广州市自来水公司, 广东广州 510160"
﻿赵庆权,"﻿邯郸钢铁集团有限公司第一炼钢厂, 河北邯郸 056015"
﻿周长波,"﻿
2. 上海交通大学环境科学与工程学院, 上海 200030;"
﻿张振家,"﻿
2. 上海交通大学环境科学与工程学院, 上海 200030;"
﻿曾庆荣,"﻿
2. 上海交通大学环境科学与工程学院, 上海 200030;"
﻿张扬,"﻿
2. 上海交通大学环境科学与工程学院, 上海 200030;"
﻿陆杰,"﻿上海大学环境与化学工程学院, 上海200072"
﻿徐高田,"﻿上海大学环境与化学工程学院, 上海200072"
﻿张玲,"﻿上海大学环境与化学工程学院, 上海200072"
﻿张国莹,"﻿上海大学环境与化学工程学院, 上海200072"
﻿张乐华,"﻿广东工业大学环境工程系, 广东广州510090"
﻿朱又春,"﻿广东工业大学环境工程系, 广东广州510090"
﻿李勇,"﻿广东工业大学环境工程系, 广东广州510090"
﻿于霞,"﻿中南大学冶金科学与工程系, 湖南 长沙 410083"
﻿柴立元,"﻿中南大学冶金科学与工程系, 湖南 长沙 410083"
﻿甘雪萍,"﻿中南大学冶金科学与工程系, 湖南 长沙 410083"
﻿朱亮,"﻿河海大学环境工程系, 江苏 南京 210098"
﻿朱雪诞,"﻿河海大学环境工程系, 江苏 南京 210098"
﻿欧阳玉祝,"﻿
3. 湖南省湘西自治州环保科研所, 湖南 吉首 416000"
﻿王继徽,"﻿
3. 湖南省湘西自治州环保科研所, 湖南 吉首 416000"
﻿沈扬,"﻿
3. 湖南省湘西自治州环保科研所, 湖南 吉首 416000"
﻿严文瑶,"﻿江苏石油化工学院, 江苏 常州 213016"
﻿周希圣,"﻿江苏石油化工学院, 江苏 常州 213016"
﻿李尔炀,"﻿江苏石油化工学院, 江苏 常州 213016"
﻿李玉磊,"﻿武汉大学化学与分子科学学院, 湖北 武汉 430072"
﻿于萍,"﻿武汉大学化学与分子科学学院, 湖北 武汉 430072"
﻿廖冬梅,"﻿武汉大学化学与分子科学学院, 湖北 武汉 430072"
﻿宋斌,"﻿武汉大学化学与分子科学学院, 湖北 武汉 430072"
﻿罗运柏,"﻿武汉大学化学与分子科学学院, 湖北 武汉 430072"
﻿解晓艳,"﻿沈阳市惠天热电股份有限公司, 辽宁 沈阳 110014"
﻿李双,"﻿沈阳市惠天热电股份有限公司, 辽宁 沈阳 110014"
﻿刘彧,"﻿沈阳市惠天热电股份有限公司, 辽宁 沈阳 110014"
﻿徐文义,"﻿
2. 哈尔滨工业大学市政环境工程学院, 黑龙江 哈尔滨 150090"
﻿李星,"﻿
2. 哈尔滨工业大学市政环境工程学院, 黑龙江 哈尔滨 150090"
﻿南军,"﻿
2. 哈尔滨工业大学市政环境工程学院, 黑龙江 哈尔滨 150090"
﻿胡子斌,"﻿中原油田设计院, 河南 濮阳 457001"
﻿韩洪军,"﻿哈尔滨建筑大学, 黑龙江 哈尔滨 150090"
﻿张凤仙,"﻿
2. 内蒙古化肥厂, 内蒙古 呼和浩特 010070"
﻿尹克刚,"﻿
2. 内蒙古化肥厂, 内蒙古 呼和浩特 010070"
﻿张丽霞,"﻿
2. 内蒙古化肥厂, 内蒙古 呼和浩特 010070"
﻿闫震,"﻿
2. 内蒙古化肥厂, 内蒙古 呼和浩特 010070"
﻿李德宏,"﻿
2. 内蒙古化肥厂, 内蒙古 呼和浩特 010070"
﻿张俏,"﻿宝山钢铁股份有限公司热轧部, 上海 201900"
﻿熊正为,"﻿
2. 湖南省衡阳市规划设计院, 湖南 衡阳 421001"
﻿彭丽华,"﻿
2. 湖南省衡阳市规划设计院, 湖南 衡阳 421001"
﻿赵翠荣,"﻿承德钢铁公司炼钢厂, 河北 承德 067002"
﻿张怀深,"﻿承德钢铁公司炼钢厂, 河北 承德 067002"
﻿王秀英,"﻿承德钢铁公司炼钢厂, 河北 承德 067002"
﻿李山,"﻿承德钢铁公司炼钢厂, 河北 承德 067002"
﻿万树兴,"﻿承德钢铁公司炼钢厂, 河北 承德 067002"
﻿顾丽红,"﻿
2. 大连化工研究设计院, 辽宁 大连 116023"
﻿李建中,"﻿
2. 大连化工研究设计院, 辽宁 大连 116023"
﻿邱士俊,"﻿
2. 北京钢铁设计研究总院, 北京 100053"
﻿张久海,"﻿
2. 北京钢铁设计研究总院, 北京 100053"
﻿姚昌健,"﻿
2. 北京钢铁设计研究总院, 北京 100053"
﻿王晓琳,"﻿清华大学化学工程系, 北京 100084"
﻿李裕芳,"﻿天津化工研究设计院, 天津 300131"
﻿欧阳志,"﻿金陵石化公司化肥厂水处理中心, 江苏南京 210033"
﻿欧阳丽,"﻿同济大学环境工程学院, 上海 200092"
﻿王晓明,"﻿同济大学环境工程学院, 上海 200092"
﻿赵建夫,"﻿同济大学环境工程学院, 上海 200092"
﻿张亚雷,"﻿同济大学环境工程学院, 上海 200092"
﻿谢茂松,"﻿
2. 青岛恒昌化工股份有限公司, 山东青岛 266400"
﻿王学林,"﻿
2. 青岛恒昌化工股份有限公司, 山东青岛 266400"
﻿徐桂芬,"﻿
2. 青岛恒昌化工股份有限公司, 山东青岛 266400"
﻿杨旭,"﻿
2. 青岛恒昌化工股份有限公司, 山东青岛 266400"
﻿吴鸣,"﻿
2. 青岛恒昌化工股份有限公司, 山东青岛 266400"
﻿孙承林,"﻿
2. 青岛恒昌化工股份有限公司, 山东青岛 266400"
﻿韩玉志,"﻿
2. 青岛恒昌化工股份有限公司, 山东青岛 266400"
﻿韩新茂,"﻿
2. 青岛恒昌化工股份有限公司, 山东青岛 266400"
﻿郭大海,"﻿广州市粤新技术工程开发公司, 广东广州 510630"
﻿王广建,"﻿青岛化工学院, 山东青岛 266042"
﻿曹长青,"﻿青岛化工学院, 山东青岛 266042"
﻿姚鸿霖,"﻿
5. 中电联节能技术公司, 北京 100761"
﻿宫俊亭,"﻿
5. 中电联节能技术公司, 北京 100761"
﻿郭泳,"﻿
5. 中电联节能技术公司, 北京 100761"
﻿姚志明,"﻿
5. 中电联节能技术公司, 北京 100761"
﻿王朝,"﻿
5. 中电联节能技术公司, 北京 100761"
﻿林静,"﻿厦门市城市排水监测站, 福建厦门 361004"
﻿王红,"﻿宝山钢铁股份有限公司能源部, 上海 201900"
﻿张宜莓,"﻿宝山钢铁股份有限公司能源部, 上海 201900"
﻿叶建军,"﻿黑龙江齐化化工有限责任公司, 黑龙江齐齐哈尔 161033"
﻿邱鹏,"﻿黑龙江齐化化工有限责任公司, 黑龙江齐齐哈尔 161033"
﻿张卫星,"﻿
2. 乌鲁木齐石化公司炼油厂, 新疆乌鲁木齐 830019"
﻿郭亚丽,"﻿
2. 乌鲁木齐石化公司炼油厂, 新疆乌鲁木齐 830019"
﻿彭卫,"﻿
2. 乌鲁木齐石化公司炼油厂, 新疆乌鲁木齐 830019"
﻿邹晓东,"﻿
2. 乌鲁木齐石化公司炼油厂, 新疆乌鲁木齐 830019"
﻿杨忠,"﻿
2. 乌鲁木齐石化公司炼油厂, 新疆乌鲁木齐 830019"
﻿王保明,"﻿
2. 乌鲁木齐石化公司炼油厂, 新疆乌鲁木齐 830019"
﻿黄武,"﻿杭州能源环境工程设计所, 浙江杭州 310020"
﻿张欣,"﻿石家庄高新技术产业开发区热电煤气公司, 河北石家庄 050031"
﻿梁香敏,"﻿石家庄高新技术产业开发区热电煤气公司, 河北石家庄 050031"
﻿王仲超,"﻿石家庄高新技术产业开发区热电煤气公司, 河北石家庄 050031"
﻿曹勤,"﻿美国米顿罗公司上海代表处, 上海 200021"
﻿付晓文,"﻿西安石油仪器总厂, 陕西西安 710061"
﻿曹安国,"﻿西安石油仪器总厂, 陕西西安 710061"
﻿邹启贤,"﻿清华大学环境科学与工程系, 北京 100084"
﻿陆正禹,"﻿清华大学环境科学与工程系, 北京 100084"
﻿王爱民,"﻿吉林大学朝阳校区应用理学院, 吉林长春 130026"
﻿杨立红,"﻿吉林大学朝阳校区应用理学院, 吉林长春 130026"
﻿张素娟,"﻿吉林大学朝阳校区应用理学院, 吉林长春 130026"
﻿姜桂兰,"﻿吉林大学朝阳校区应用理学院, 吉林长春 130026"
﻿李秀芬,"﻿南开大学环境科学与工程学院, 天津 300071"
﻿傅学起,"﻿南开大学环境科学与工程学院, 天津 300071"
﻿胡国臣,"﻿南开大学环境科学与工程学院, 天津 300071"
﻿林根仙,"﻿
2. 河南省濮阳市热电厂化学分场, 河南濮阳 457000"
﻿管淑敏,"﻿
2. 河南省濮阳市热电厂化学分场, 河南濮阳 457000"
﻿刘靖,"﻿华中科技大学化学系, 湖北武汉 430074"
﻿郑家燊,"﻿华中科技大学化学系, 湖北武汉 430074"
﻿许立铭,"﻿华中科技大学化学系, 湖北武汉 430074"
﻿王宏青,"﻿南华大学化工系, 湖南衡阳 421001"
﻿石顺存,"﻿
2. 岳阳石油化工总厂, 湖南岳阳 414014"
﻿肖秋国,"﻿
2. 岳阳石油化工总厂, 湖南岳阳 414014"
﻿何增广,"﻿
2. 岳阳石油化工总厂, 湖南岳阳 414014"
﻿文鹰璞,"﻿
2. 岳阳石油化工总厂, 湖南岳阳 414014"
﻿翟广通,"﻿天津化工研究设计院, 天津 300131"
﻿韩建华,"﻿天津化工研究设计院, 天津 300131"
﻿洪勇宾,"﻿天津化工研究设计院, 天津 300131"
﻿钱惠琳,"﻿天津化工研究设计院, 天津 300131"
﻿朱虹,"﻿武汉科技学院环境与化学工程系, 湖北武汉 430073"
﻿王仲秋,"﻿武汉科技学院环境与化学工程系, 湖北武汉 430073"
﻿张惠欣,"﻿天津化工研究设计院, 天津 300131"
﻿何世梅,"﻿长岭炼化有限责任公司设备研究所, 湖南岳阳 414012"
﻿廖在增,"﻿海南富岛化工有限公司, 海南东方 572600"
﻿刘宗义,"﻿
2. 西安环科水处理有限公司, 陕西西安 710075"
﻿任惠萍,"﻿
2. 西安环科水处理有限公司, 陕西西安 710075"
﻿黄校春,"﻿
2. 张庄矿矸石热电厂, 安徽淮北 235047"
﻿胡群,"﻿
2. 张庄矿矸石热电厂, 安徽淮北 235047"
﻿王湘,"﻿湖南长岭炼化公司设备研究所, 湖南岳阳 414012"
﻿王锋涛,"﻿
2. 郑州热电厂, 河南郑州 450052"
﻿张春雷,"﻿
2. 郑州热电厂, 河南郑州 450052"
﻿赵战省,"﻿
2. 郑州热电厂, 河南郑州 450052"
﻿王克涛,"﻿
2. 郑州热电厂, 河南郑州 450052"
﻿李献敏,"﻿
2. 郑州热电厂, 河南郑州 450052"
﻿张莉,"﻿
2. 郑州热电厂, 河南郑州 450052"
﻿武彦辉,"﻿
2. 天津化工研究设计院, 天津 300131"
﻿晨新华,"﻿
2. 天津化工研究设计院, 天津 300131"
﻿曹姝文,"﻿1. 华珠保环保工程技术有限公司, 广东广州 510655;"
﻿唐艳青,"﻿1. 华珠保环保工程技术有限公司, 广东广州 510655;"
﻿袁启顺,"﻿1. 华珠保环保工程技术有限公司, 广东广州 510655;"
﻿梅作汉,"﻿1. 华珠保环保工程技术有限公司, 广东广州 510655;"
﻿李松汉,"﻿1. 华珠保环保工程技术有限公司, 广东广州 510655;"
﻿冯志强,"﻿1. 华珠保环保工程技术有限公司, 广东广州 510655;"
﻿赵惠祖,"﻿1. 华珠保环保工程技术有限公司, 广东广州 510655;"
﻿王晓东,"﻿天津大学理学院, 天津 300072"
﻿杨秋华,"﻿天津大学理学院, 天津 300072"
﻿刘宇,"﻿天津大学理学院, 天津 300072"
﻿何毅,"﻿南京化工大学制药与生命科学学院, 江苏南京 210009"
﻿胡永红,"﻿南京化工大学制药与生命科学学院, 江苏南京 210009"
﻿柴本忠,"﻿南京化工大学制药与生命科学学院, 江苏南京 210009"
﻿沈树宝,"﻿南京化工大学制药与生命科学学院, 江苏南京 210009"
﻿欧阳平凯,"﻿南京化工大学制药与生命科学学院, 江苏南京 210009"
﻿文明通,"﻿1. 广东工业大学, 广东广州 510090;"
﻿邵丽文,"﻿1. 广东工业大学, 广东广州 510090;"
﻿陈伟国,"﻿1. 广东工业大学, 广东广州 510090;"
﻿王靖文,"﻿
2. 广州市黄埔监测站, 广东广州 510330"
﻿黎明浩,"﻿
2. 广州市黄埔监测站, 广东广州 510330"
﻿甘雨,"﻿
2. 广州市黄埔监测站, 广东广州 510330"
﻿陈东文,"﻿
2. 广州市黄埔监测站, 广东广州 510330"
﻿王东升,"﻿中国科学院生态环境研究中心环境水化学国家重点试验室, 北京 100085"
﻿汤鸿霄,"﻿中国科学院生态环境研究中心环境水化学国家重点试验室, 北京 100085"
﻿杨崇豪,"﻿华北水利水电学院环工系, 河南郑州 450045"
﻿宋继琴,"﻿华北水利水电学院环工系, 河南郑州 450045"
﻿朱孟府,"﻿军事医学科学院卫生装备研究所, 天津 300161"
﻿龚承元,"﻿军事医学科学院卫生装备研究所, 天津 300161"
﻿苏建勇,"﻿军事医学科学院卫生装备研究所, 天津 300161"
﻿陈慧敏,"﻿军事医学科学院卫生装备研究所, 天津 300161"
﻿崔高峰,"﻿
2. 山东省教育学院, 山东济南 250014"
﻿王伯勇,"﻿
2. 山东省教育学院, 山东济南 250014"
﻿王清,"﻿
2. 山东省教育学院, 山东济南 250014"
﻿杜高英,"﻿
2. 山东省教育学院, 山东济南 250014"
﻿王亚娟,"﻿
2. 山东省教育学院, 山东济南 250014"
﻿买光昕,"﻿
2. 山东省教育学院, 山东济南 250014"
﻿李宇春,"﻿
2. 武汉大学化环系, 湖北武汉 430072"
﻿龚洵洁,"﻿
2. 武汉大学化环系, 湖北武汉 430072"
﻿彭珂如,"﻿
2. 武汉大学化环系, 湖北武汉 430072"
﻿罗运柏,"﻿
2. 武汉大学化环系, 湖北武汉 430072"
﻿刘延湘,"﻿
2. 武汉大学, 湖北武汉 430072"
﻿楼台芳,"﻿
2. 武汉大学, 湖北武汉 430072"
﻿李建新,"﻿上海宝山钢铁股份有限公司钢管分公司能源车间, 上海 201900"
﻿田文华,"﻿西北电力试验研究院, 陕西西安 710054"
﻿解晓艳,"﻿沈阳市惠天热电股份有限公司, 辽宁沈阳 110014"
﻿李双,"﻿沈阳市惠天热电股份有限公司, 辽宁沈阳 110014"
﻿刘彧,"﻿沈阳市惠天热电股份有限公司, 辽宁沈阳 110014"
﻿郑建忠,"﻿攀钢西昌分公司, 四川西昌 615012"
﻿唐丽娟,"﻿攀钢西昌分公司, 四川西昌 615012"
﻿郭建国,"﻿山西三维集团公司, 山西洪洞 041603"
﻿王长华,"﻿山西三维集团公司, 山西洪洞 041603"
﻿吴自强,﻿武汉理工大学资源与环境工程学院 湖北武汉430070
﻿刘志宏,﻿武汉理工大学资源与环境工程学院 湖北武汉430070
﻿曹刚,﻿武汉理工大学资源与环境工程学院 湖北武汉430070
﻿姜军清,﻿华中科技大学环境学院环境科学研究所 湖北武汉430074
﻿黄卫红,﻿华中科技大学环境学院环境科学研究所 湖北武汉430074
﻿陆晓华,﻿华中科技大学环境学院环境科学研究所 湖北武汉430074
﻿朱志良,﻿同济大学化学系 上海200092
﻿李继文,﻿同济大学化学系 上海200092
﻿倪亚明,﻿同济大学化学系 上海200092
﻿夏明珠,﻿1. 南京理工大学水处理研究所 江苏南京210094;
﻿雷武,﻿1. 南京理工大学水处理研究所 江苏南京210094;
﻿张建法,﻿1. 南京理工大学水处理研究所 江苏南京210094;
﻿王风云,﻿1. 南京理工大学水处理研究所 江苏南京210094;
﻿吴斌,"﻿
2. 合肥钢铁公司动力厂 安徽合肥230009"
﻿曾新平,"﻿
2. 合肥钢铁公司动力厂 安徽合肥230009"
﻿李义久,"﻿
2. 合肥钢铁公司动力厂 安徽合肥230009"
﻿倪亚明,"﻿
2. 合肥钢铁公司动力厂 安徽合肥230009"
﻿张承平,"﻿
2. 合肥钢铁公司动力厂 安徽合肥230009"
﻿戚明友,"﻿
2. 合肥钢铁公司动力厂 安徽合肥230009"
﻿李德亮,﻿1河南大学化学化工学院 河南开封475001;
﻿李明玉,﻿1河南大学化学化工学院 河南开封475001;
﻿武书彬,﻿1河南大学化学化工学院 河南开封475001;
﻿田依林,﻿1河南大学化学化工学院 河南开封475001;
﻿李丹,﻿1河南大学化学化工学院 河南开封475001;
﻿李鹏,﻿1河南大学化学化工学院 河南开封475001;
﻿汤顺林,﻿中国科学院地球化学研究所环境地球化学国家重点实验室 贵州贵阳550002
﻿程鸿德,﻿中国科学院地球化学研究所环境地球化学国家重点实验室 贵州贵阳550002
﻿朱虹,﻿武汉科技学院环境与化学工程系 湖北武汉430073
﻿王仲秋,﻿武汉科技学院环境与化学工程系 湖北武汉430073
﻿王学江,﻿1. 南京大学环境学院污染控制与资源化国家重点实验室 江苏南京210093;
﻿夏四清,﻿1. 南京大学环境学院污染控制与资源化国家重点实验室 江苏南京210093;
﻿张全兴,﻿1. 南京大学环境学院污染控制与资源化国家重点实验室 江苏南京210093;
﻿李时银,﻿1. 南京大学环境学院污染控制与资源化国家重点实验室 江苏南京210093;
﻿李伟民,﻿1. 南京大学环境学院污染控制与资源化国家重点实验室 江苏南京210093;
﻿陈玉妹,﻿金陵石化公司化工一厂 江苏南京210038
﻿姚分忠,﻿金陵石化公司化工一厂 江苏南京210038
﻿邹华生,﻿华南理工大学化工学院 广东广州510640
﻿陈焕钦,﻿华南理工大学化工学院 广东广州510640
﻿赵进沛,﻿北京军区军事医学研究所 河北石家庄050081
﻿刘卫,﻿北京军区军事医学研究所 河北石家庄050081
﻿徐书显,﻿北京军区军事医学研究所 河北石家庄050081
﻿李华军,﻿北京军区军事医学研究所 河北石家庄050081
﻿于铁力,﻿北华大学医学院化学教研室 吉林市132001
﻿李洵,﻿北华大学医学院化学教研室 吉林市132001
﻿王艳茹,﻿北华大学医学院化学教研室 吉林市132001
﻿郑育毅,﻿福建省环境保护设计院 福建福州350003
﻿唐静珍,﻿福建省环境保护设计院 福建福州350003
﻿潘智勇,﻿福建省环境保护设计院 福建福州350003
﻿姜军,﻿天津乐金大沽化学有限公司 天津300455
﻿刘爱东,﻿1. 抚顺特殊钢有限公司 辽宁抚顺113001;
﻿李欣平,﻿1. 抚顺特殊钢有限公司 辽宁抚顺113001;
﻿孙健,﻿1. 抚顺特殊钢有限公司 辽宁抚顺113001;
﻿包喜国,﻿1. 抚顺特殊钢有限公司 辽宁抚顺113001;
﻿杨立山,﻿金陵石化炼油厂动力分厂 江苏南京210033
﻿李华钟,"﻿无锡轻工大学生物工程学院, 江苏无锡 214036"
﻿章燕芳,"﻿无锡轻工大学生物工程学院, 江苏无锡 214036"
﻿姜恒,"﻿
2. 抚顺石油机械厂环保设备分厂，辽宁抚顺 113004"
﻿宫红,"﻿
2. 抚顺石油机械厂环保设备分厂，辽宁抚顺 113004"
﻿吴平,"﻿
2. 抚顺石油机械厂环保设备分厂，辽宁抚顺 113004"
﻿肖羽堂,"﻿
2. 同济大学环境科学与工程学院，上海 200092"
﻿吴鸣,"﻿
2. 同济大学环境科学与工程学院，上海 200092"
﻿许建华,"﻿
2. 同济大学环境科学与工程学院，上海 200092"
﻿熊蓉春,"﻿北京化工大学, 北京 100029"
﻿滕怀平,"﻿北京化工大学, 北京 100029"
﻿魏刚,"﻿北京化工大学, 北京 100029"
﻿田永红,"﻿北京化工大学, 北京 100029"
﻿陈忠林,"﻿
3. 中国石油大港油田公司油气勘探开发技术研究中心，天津 300280"
﻿牛晚扬,"﻿
3. 中国石油大港油田公司油气勘探开发技术研究中心，天津 300280"
﻿马军,"﻿
3. 中国石油大港油田公司油气勘探开发技术研究中心，天津 300280"
﻿王东田,"﻿
3. 中国石油大港油田公司油气勘探开发技术研究中心，天津 300280"
﻿李圭白,"﻿
3. 中国石油大港油田公司油气勘探开发技术研究中心，天津 300280"
﻿李雨松,"﻿清华大学环境科学与工程系, 北京 100084"
﻿卜城,"﻿清华大学环境科学与工程系, 北京 100084"
﻿张颙,"﻿清华大学环境科学与工程系, 北京 100084"
﻿董一军,"﻿镇海炼化公司研究中心, 浙江宁波 315207"
﻿罗芳,"﻿镇海炼化公司研究中心, 浙江宁波 315207"
﻿王振宇,"﻿石油化工科学研究院, 北京 100083"
﻿李本高,"﻿石油化工科学研究院, 北京 100083"
﻿王京,"﻿石油化工科学研究院, 北京 100083"
﻿贺俞玲,"﻿石油化工科学研究院, 北京 100083"
﻿张林,"﻿
2. 东北大学, 辽宁沈阳 110006"
﻿朱龙,"﻿
2. 东北大学, 辽宁沈阳 110006"
﻿李群,"﻿天津轻工业学院化工系, 天津 300222"
﻿杨振海,"﻿天津轻工业学院化工系, 天津 300222"
﻿张业录,"﻿天津轻工业学院化工系, 天津 300222"
﻿胡开堂,"﻿天津轻工业学院化工系, 天津 300222"
﻿谭国民,"﻿天津轻工业学院化工系, 天津 300222"
﻿黄庆施,"﻿淮阴环境监测中心站, 江苏淮阴 223001"
﻿丁长春,"﻿淮阴环境监测中心站, 江苏淮阴 223001"
﻿马铭杰,"﻿山东建筑工程学院, 山东济南 250014"
﻿王德林,"﻿山东建筑工程学院, 山东济南 250014"
﻿季惠忠,﻿宁夏大武口电厂化学工程部 宁夏石嘴山 753000
﻿余伟明,"﻿长岭炼油化工有限责任公司设备研究所, 湖南岳阳 414012"
﻿田剑临,"﻿长岭炼油化工有限责任公司设备研究所, 湖南岳阳 414012"
﻿熊正为,"﻿南华大学建筑工程与资源环境学院, 南衡阳 421001"
﻿陈胜兵,"﻿南华大学建筑工程与资源环境学院, 南衡阳 421001"
﻿王寿东,"﻿辽宁华锦集团精细公司, 辽宁盘锦 124013"
﻿张秀兰,"﻿辽宁华锦集团精细公司, 辽宁盘锦 124013"
﻿张丽,"﻿南京理工大学化工学院, 江苏 南京 210094"
﻿周柏青,"﻿武汉水利电力大学, 湖北 武汉 430072"
﻿贺启环,"﻿南京理工大学环境科学与工程系, 江苏 南京 210094"
﻿谢慧芳,"﻿南京理工大学环境科学与工程系, 江苏 南京 210094"
﻿李采芳,"﻿
2. 太原理工大学, 山西 太原 030024"
﻿唐瑞彬,"﻿
2. 太原理工大学, 山西 太原 030024"
﻿陈秀枝,"﻿
2. 太原理工大学, 山西 太原 030024"
﻿王怀法,"﻿
2. 太原理工大学, 山西 太原 030024"
﻿徐中其,"﻿
2. 华工科技产业股份公司高理电子分公司研发部, 湖北 武汉 430074"
﻿陆晓华,"﻿
2. 华工科技产业股份公司高理电子分公司研发部, 湖北 武汉 430074"
﻿江涛,"﻿
2. 华工科技产业股份公司高理电子分公司研发部, 湖北 武汉 430074"
﻿张世超,"﻿北京航空航天大学材料科学工程系, 北京 100083"
﻿吴志龙,"﻿北京航空航天大学材料科学工程系, 北京 100083"
﻿陈锦萍,"﻿北京航空航天大学材料科学工程系, 北京 100083"
﻿刘春英,"﻿
2. 山东省产品质量监督检验所, 山东 济南 250100"
﻿袁存光,"﻿
2. 山东省产品质量监督检验所, 山东 济南 250100"
﻿张超,"﻿
2. 山东省产品质量监督检验所, 山东 济南 250100"
﻿陈志莉,"﻿
2. 重庆农化集团, 重庆 400033"
﻿杨官汉,"﻿
2. 重庆农化集团, 重庆 400033"
﻿娄方,"﻿
2. 重庆农化集团, 重庆 400033"
﻿叶茂平,"﻿
2. 重庆农化集团, 重庆 400033"
﻿窦连玉,"﻿
2. 山东邹平鲁津化工厂, 山东 邹平 256219"
﻿祝建军,"﻿
2. 山东邹平鲁津化工厂, 山东 邹平 256219"
﻿赵砥中,"﻿
2. 山东邹平鲁津化工厂, 山东 邹平 256219"
﻿郎波,"﻿
2. 南京理工大学水处理研究所江苏 南京 210094"
﻿赵晓蕾,"﻿
2. 南京理工大学水处理研究所江苏 南京 210094"
﻿张全忠,"﻿
2. 成都市环境保护局, 四川 成都 610012"
﻿吴潘,"﻿
2. 成都市环境保护局, 四川 成都 610012"
﻿梁斌,"﻿
2. 成都市环境保护局, 四川 成都 610012"
﻿王蓉艳,"﻿
2. 成都市环境保护局, 四川 成都 610012"
﻿侯金萍,"﻿
2. 中国石油大庆炼化公司动力厂, 黑龙江 大庆 163712"
﻿申花英,"﻿
2. 中国石油大庆炼化公司动力厂, 黑龙江 大庆 163712"
﻿张学洪,"﻿
2. 桂林工学院资环系, 广西 桂林 541004"
﻿陈志强,"﻿
2. 桂林工学院资环系, 广西 桂林 541004"
﻿吕炳南,"﻿
2. 桂林工学院资环系, 广西 桂林 541004"
﻿陈文兵,"﻿
2. 桂林工学院资环系, 广西 桂林 541004"
﻿王敦球,"﻿
2. 桂林工学院资环系, 广西 桂林 541004"
﻿李金城,"﻿
2. 桂林工学院资环系, 广西 桂林 541004"
﻿张长生,"﻿马钢供排水厂, 安徽 马鞍山 243000"
﻿蔡如迪,"﻿镇海炼化股份有限公司, 浙江 宁波 315207"
﻿江萍,"﻿镇海炼化股份有限公司, 浙江 宁波 315207"
﻿谢思桃,"﻿
1. 0007;"
﻿唐志坚,"﻿
1. 0007;"
﻿朱大维,"﻿
1. 0007;"
﻿张颙,"﻿清华大学环境科学与工程系, 北京 100084"
﻿侯盾,"﻿清华大学环境科学与工程系, 北京 100084"
﻿李雨松,"﻿清华大学环境科学与工程系, 北京 100084"
﻿卜城,"﻿清华大学环境科学与工程系, 北京 100084"
﻿王静,"﻿国家海洋局天津海水淡化与综合利用研究所, 天津 300192"
﻿张雨山,"﻿国家海洋局天津海水淡化与综合利用研究所, 天津 300192"
﻿张寿恺,"﻿
2. 上海交通大学, 上海 200030"
﻿邱梅,"﻿
2. 上海交通大学, 上海 200030"
﻿李素文,"﻿
2. 北京市第九水厂, 北京 100085"
﻿曲宁,"﻿
2. 北京市第九水厂, 北京 100085"
﻿樊颖,"﻿
2. 北京市第九水厂, 北京 100085"
﻿金维荣,"﻿
2. 北京市第九水厂, 北京 100085"
﻿张保华,"﻿
2. 北京市第九水厂, 北京 100085"
﻿张素霞,"﻿
2. 北京市第九水厂, 北京 100085"
﻿张新荣,"﻿
2. 郑州工业大学化工学院, 河南郑州 450002"
﻿杨平,"﻿
2. 郑州工业大学化工学院, 河南郑州 450002"
﻿赵梦月,"﻿
2. 郑州工业大学化工学院, 河南郑州 450002"
﻿岳钦艳,"﻿1. 山东大学环境工程系, 山东济南 250100;"
﻿赵华章,"﻿1. 山东大学环境工程系, 山东济南 250100;"
﻿高宝玉,"﻿1. 山东大学环境工程系, 山东济南 250100;"
﻿姜军清,"﻿华中科技大学环境科学院环境科学研究所, 湖北 武汉 430074"
﻿黄卫红,"﻿华中科技大学环境科学院环境科学研究所, 湖北 武汉 430074"
﻿陆晓华,"﻿华中科技大学环境科学院环境科学研究所, 湖北 武汉 430074"
﻿吕志芳,"﻿南京理工大学化工学院, 江苏 南京 210094"
﻿董伟,"﻿南京理工大学化工学院, 江苏 南京 210094"
﻿夏明珠,"﻿南京理工大学化工学院, 江苏 南京 210094"
﻿雷武,"﻿南京理工大学化工学院, 江苏 南京 210094"
﻿王风云,"﻿南京理工大学化工学院, 江苏 南京 210094"
﻿余伟明,"﻿长岭炼油化工有限责任公司设备研究所, 湖南 岳阳 414012"
﻿田剑临,"﻿长岭炼油化工有限责任公司设备研究所, 湖南 岳阳 414012"
﻿夏心泉,"﻿沈阳化工学院环境工程教研室, 辽宁 沈阳 110021"
﻿丁海军,"﻿沈阳化工学院环境工程教研室, 辽宁 沈阳 110021"
﻿崔微,"﻿沈阳化工学院环境工程教研室, 辽宁 沈阳 110021"
﻿欧阳志,"﻿金陵石化化肥厂水处理中心, 江苏 南京 210033"
﻿梁轶,"﻿山西焦化股份有限公司技术中心, 山西 太原 041606"
﻿徐奇焕,"﻿湖北省武昌热电厂, 湖北 武汉 430062"
﻿谢福岭,"﻿洛阳石化总厂化纤厂, 河南 洛阳 471012"
﻿王敏,"﻿辽宁省辽中县辽河化工厂, 辽宁 辽中 110200"
﻿黎万林,"﻿重庆天然气净化总厂, 重庆 401236"
﻿曾刚,"﻿重庆天然气净化总厂, 重庆 401236"
﻿邱广明,"﻿
2. 内蒙古师范大学生物系, 内蒙古呼和浩特010022"
﻿邱广亮,"﻿
2. 内蒙古师范大学生物系, 内蒙古呼和浩特010022"
﻿姜洪泉,"﻿哈尔滨工业大学环境科学与工程系, 黑龙江 哈尔滨 150001"
﻿金世洲,"﻿哈尔滨工业大学环境科学与工程系, 黑龙江 哈尔滨 150001"
﻿王鹏,"﻿哈尔滨工业大学环境科学与工程系, 黑龙江 哈尔滨 150001"
﻿关建宁,"﻿
2. 南京化工大学应用化学系, 江苏南京 210009"
﻿汪海波,"﻿
2. 南京化工大学应用化学系, 江苏南京 210009"
﻿崔玉民,"﻿安徽阜阳师范学院化学系,安徽 阜阳 236032"
﻿朱亦仁,"﻿安徽阜阳师范学院化学系,安徽 阜阳 236032"
﻿王克中,"﻿安徽阜阳师范学院化学系,安徽 阜阳 236032"
﻿张跃军,"﻿南京理工大学化工学院, 江苏 南京 210094"
﻿顾学芳,"﻿南京理工大学化工学院, 江苏 南京 210094"
﻿陈伟忠,"﻿南京理工大学化工学院, 江苏 南京 210094"
﻿邵青,"﻿武汉大学土木与建筑学院, 湖北 武汉 430072"
﻿范伟平,"﻿南京化工大学制药与生命科学院, 江苏 南京 210009"
﻿曹惠君,"﻿南京化工大学制药与生命科学院, 江苏 南京 210009"
﻿张俊,"﻿南京化工大学制药与生命科学院, 江苏 南京 210009"
﻿魏浩,"﻿南京化工大学制药与生命科学院, 江苏 南京 210009"
﻿韩霞,"﻿胜利石油管理局勘察设计研究院化学室, 山东 东营 257026"
﻿刘娜,"﻿胜利石油管理局勘察设计研究院化学室, 山东 东营 257026"
﻿宗华,"﻿胜利石油管理局勘察设计研究院化学室, 山东 东营 257026"
﻿桂召龙,"﻿胜利石油管理局勘察设计研究院化学室, 山东 东营 257026"
﻿俞丹梅,"﻿厦门市城市排水监测站, 福建 厦门 361004"
﻿宋春芳,"﻿江西昌九化工股份有限公司, 江西 南昌 330012"
﻿初伟,"﻿牡丹江石油化工厂, 黑龙江 牡丹江 157009"
﻿朱春生,"﻿牡丹江石油化工厂, 黑龙江 牡丹江 157009"
﻿田文华,"﻿西北电力试验研究院, 陕西 西安 710054"
﻿马悦红,"﻿西北电力试验研究院, 陕西 西安 710054"
﻿张利,"﻿山东滨化集团有限责任公司, 山东 滨州 256619"
﻿王文兰,"﻿山东滨化集团有限责任公司, 山东 滨州 256619"
﻿谢少雄,"﻿汕头大学化学系, 广东 汕头 515063"
﻿黄功浩,"﻿汕头大学化学系, 广东 汕头 515063"
﻿陈荣林,"﻿厦门绿达水处理化学工程技术研究所, 福建 厦门 361009"
﻿李健,"﻿延炼实业集团公司供排水车间, 陕西 延安 727406"
﻿张祥丹,"﻿同济大学环境工程学院, 上海 200092"
﻿黄征青,"﻿湖北工学院化工系, 湖北武汉 430068"
﻿黄光斗,"﻿湖北工学院化工系, 湖北武汉 430068"
﻿徐洪涛,"﻿湖北工学院化工系, 湖北武汉 430068"
﻿张勇,"﻿华南理工大学造纸与环境工程学院, 广东广州 510640"
﻿万金泉,"﻿华南理工大学造纸与环境工程学院, 广东广州 510640"
﻿潘碌亭,"﻿华南理工大学造纸与环境工程学院, 广东广州 510641"
﻿肖锦,"﻿华南理工大学造纸与环境工程学院, 广东广州 510641"
﻿熊蓉春,"﻿北京化工大学, 北京 100029"
﻿董雪玲,"﻿北京化工大学, 北京 100029"
﻿魏刚,"﻿北京化工大学, 北京 100029"
﻿孙向东,"﻿武汉科技学院环境与化学工程系, 湖北武汉 430073"
﻿王云祥,"﻿武汉科技学院环境与化学工程系, 湖北武汉 430073"
﻿常同胜,"﻿武汉科技学院环境与化学工程系, 湖北武汉 430073"
﻿顾学芳,"﻿南京理工大学化工学院, 江苏南京 210094"
﻿张跃军,"﻿南京理工大学化工学院, 江苏南京 210094"
﻿陈伟忠,"﻿南京理工大学化